Neighborhood,mean_commfar,pct_res_zone,mean_subway_km,mean_stations_1km,pct_residential_lots,pct_mixed_lots,pct_commercial_lots,pct_industrial_lots,pct_mfg_zone,commfar_z,reszone_z,transit_z,NEQ_zoning_raw,NEQ_zoning,NEQ_full_raw,NEQ_full,pct_poverty,poverty_z,NEQ3_raw,NEQ3_score
Bayside - Little Neck,0.0012813325858893,0.995995835669096,4.638883383518842,0.0,0.9348922879794986,0.015536157603908,0.0191399055017217,0.0008809161527989,0.0,-0.4157391028418264,-0.6631310280660612,-2.990260693807412,-1.0788701309078876,1.0062649065801157,-4.0691308247153,1.258148196809564,8.5,1.0690610771425366,-0.009809053765351017,3.3250715748744435
Bedford Stuyvesant - Crown Heights,0.1158268607782678,0.9538269388392334,0.3487298141886524,4.4,0.8111705241793841,0.0907849030092502,0.0166660161586198,0.0072596698021154,0.015651223605636,-0.36855563967106836,-0.49111119766122335,0.4663991847219615,-0.8596668373322918,1.225268930682723,-0.3932676526103302,3.849880289263525,25.0,-0.6842880542320121,-1.543954891564304,2.1384761428596777
Bensonhurst - Bay Ridge,0.0600089042239412,0.9732316767766708,0.4707793937048055,3.2857142857142856,0.8392231064611275,0.1052367967054371,0.0214257888585897,0.0017251933886137,0.0036173409761255,-0.39154810859508243,-0.5702690599718266,0.3680614730556786,-0.961817168566909,1.1232114604737713,-0.5937556955112304,3.708522662330421,16.0,0.2720841992450144,-0.6897329693218945,2.799179842524864
Borough Park,0.0946410439622428,0.9495317964724906,0.3467724616296841,3.0,0.824564702342898,0.1000338460381332,0.0197435222443683,0.0087247564965589,0.0301605806475875,-0.37728247714134033,-0.47358999798477136,0.467976261614288,-0.8508724751261116,1.2340552982648556,-0.3828962135118235,3.857192855128466,21.0,-0.25923371935333367,-1.1101061944794453,2.4740393399577068
Canarsie - Flatlands,0.0349334724758674,0.9691494912601096,1.2536217961342708,0.5,0.9103182885468302,0.0171536655361335,0.0159144273415079,0.0087398904252543,0.0238716410122619,-0.4018771518065207,-0.553616576434656,-0.262689822896639,-0.9554937282411768,1.1295291523976403,-1.2181835511378158,3.2682588012784635,12.5,0.6440067422638581,-0.3114869859773186,3.091736746149189
Central Harlem - Morningside Heights,0.3389058594834768,0.9180783115801168,0.1580844426432283,7.0,0.6562066092752014,0.1602332685365176,0.0322132740905304,0.0049986114968064,0.0136073312968619,-0.27666519326360084,-0.3452816109131972,0.6200058554853302,-0.621946804176798,1.462772861493434,-0.0019409486914678,4.125792076426146,31.0,-1.3218695565500298,-1.943816360726828,1.8292005961308906
Chelsea - Clinton,3.832276938078986,0.4958556801560214,0.3782588577456641,10.869565217391305,0.401511457825451,0.3100926377376889,0.1803998049731838,0.008288639687957,0.0463188688444661,1.1623202322684436,1.37709366828127,0.4426070620239378,2.5394139005497136,4.621259692058286,2.982020962573652,6.229686994706641,17.0,0.1658206155253448,2.7052345160750586,5.425040312081217
Coney Island - Sheepshead Bay ,0.0692328601630927,0.9612201751736636,0.8827630061468215,2.2222222222222223,0.846843853820598,0.0600120809423135,0.0275143461189972,0.0032014497130776,0.0125037752944729,-0.3877485871976805,-0.5212704703954093,0.0361182918323896,-0.90901905759309,1.17596157466991,-0.8729007657607002,3.511706512451378,20.0,-0.15297013563366404,-1.061989193226754,2.511255758685282
Crotona - Tremont,0.2544903372489579,0.8661109005936592,0.4634819139423622,3.85,0.7051913603637742,0.0781861816344575,0.0437034230137678,0.0173045345459138,0.0757862826828344,-0.31143753878636343,-0.13329064371914126,0.373941193933166,-0.4447281825055047,1.6398303803785048,-0.0707869885723386,4.077250963048567,38.0,-2.065714642587717,-2.5104428250932216,1.3909395405584466
Downtown - Heights - Park Slope,0.2530731886049281,0.9057662361454611,0.5700051939586,6.863636363636363,0.8171658880644865,0.0869744435284418,0.0208390583493633,0.0178391499496198,0.0662269854355592,-0.3120212890375367,-0.29505688872646,0.2881133226900936,-0.6070781777639966,1.4776279713969669,-0.318964855073903,3.902268785765693,15.0,0.378347782964684,-0.22873039479931262,3.155745389031421
East Flatbush - Flatbush,0.0561421741841612,0.972840019399986,0.5844581792200166,4.588235294117647,0.8482990369292593,0.0843552968890736,0.0181182013441418,0.0054735675188803,0.008868565093882,-0.39314088761755817,-0.5686713697171836,0.2764682723508082,-0.9618122573347416,1.123216367241322,-0.6853439849839336,3.643946725195242,19.5,-0.09983834377382923,-1.061650601108571,2.511517645039795
East Harlem,0.4623692203847452,0.8869389132635842,0.3929213797588717,4.375,0.4438069524130948,0.2774215322308471,0.0573742828214647,0.0155248059399257,0.0215997300033749,-0.22580830662688087,-0.2182544790693007,0.4307931838626903,-0.4440627856961816,1.640495172300605,-0.0132696018334912,4.117804609935208,33.8,-1.6194075909651044,-2.063470376661286,1.7366533915354325
East New York,0.1138895003301782,0.9300462249614792,0.2617720649891378,5.5,0.8019370460048426,0.0631300902487343,0.0141756548536209,0.0170812238608848,0.0528285274047985,-0.3693536749745277,-0.3941023907990925,0.5364627285852903,-0.7634560657736202,1.3213922406461256,-0.2269933371883299,3.96711492484525,27.0,-0.8968152216713513,-1.6602712874449717,2.048510442976516
Flushing - Clearview,0.1051251028408265,0.9541692880995016,1.2905490507190425,0.6666666666666666,0.8546677636354837,0.0571553017470841,0.0342157479552823,0.009388762522383,0.0237622804045879,-0.37296389558006876,-0.4925077450247497,-0.2924428276048945,-0.8654716406048184,1.219469404338613,-1.1579144682097129,3.3107525800439244,15.0,0.378347782964684,-0.4871238576401344,2.955889224698772
Fordham - Bronx Park,0.1437992672365937,0.9454868435661152,0.5885550447277752,2.9565217391304346,0.7495281447762852,0.0980348617741756,0.0499611413345175,0.0035527922726768,0.0092150549572554,-0.3570332779451069,-0.45708939765468387,0.2731673484096144,-0.8141226755997908,1.2707716899300785,-0.5409553271901764,3.745750492275109,35.0,-1.7469238914287082,-2.561046567028499,1.3517997354996247
Fresh Meadows,0.0016722859069453,0.9975724881995954,2.5270159631343825,0.0,0.95118004045853,0.0128118678354686,0.0133513149022252,0.0006068779501011,0.0,-0.41557806179625584,-0.6695626760647777,-1.288688182976286,-1.0851407378610336,1.0,-2.37382892083732,2.453450672707432,11.5,0.7502703259835277,-0.3348704118775059,3.0736506778795474
Gramercy Park - Murray Hill,4.104074196753892,0.4335872805564756,0.2186094797522942,11.2,0.3236170917522358,0.3481285193772772,0.2209340841338191,0.0003312355084465,0.03411725736999,1.274278648690096,1.631105519288695,0.5712396600472323,2.905384167978791,4.986897269676318,3.4766238280260238,6.578415459122943,10.0,0.9096657015630322,3.815049869541823,6.283434472764715
Greenpoint,0.4367530159917703,0.7789207893014122,0.2731580282554777,4.857142857142857,0.6507995885158515,0.1962966426634246,0.0245020106611802,0.054708687926681,0.1726363041241934,-0.2363601042886857,0.22238449328965762,0.5272888373095729,-0.013975610999028,2.0701913709168656,0.5133132263105448,4.489081110484204,21.9,-0.35487094470103614,-0.3688465557000642,3.0473716005819385
Greenwich Village - SoHo,5.981143934632307,0.0138277812696417,0.2094956058672923,16.0,0.1873035826524198,0.5336266499057196,0.2005028284098051,0.0062853551225644,0.2822124450031427,2.047479071646665,3.3434329289781584,0.578582884872907,5.390912000624823,7.470165602415981,5.96949488549773,8.33605811868344,12.0,0.6971385341236929,6.088050534748516,8.04150214784988
High Bridge - Morrisania,0.3917638303150583,0.8233688910940213,0.5824034321106961,3.6,0.5991069213594642,0.1168444554701066,0.054825105432895,0.0275365914165219,0.1069213594641528,-0.25489199827842224,0.041067088591344725,0.278123821919963,-0.2138249096870775,1.870523747712688,0.0642989122328854,4.172495657413635,36.0,-1.853187475148378,-2.0670123848354556,1.7339138014547018
Hunts Point - Mott Haven,0.3992102665350444,0.8353076669957222,0.2756276365910366,5.363636363636363,0.640342217834814,0.110891740704179,0.0501809805857189,0.0404738400789733,0.1168147416913458,-0.25182467077394716,-0.007634830601324016,0.5252990260099878,-0.2594595013752712,1.8249306407161128,0.2658395246347166,4.314595417017999,44.5,-2.7564279367655695,-3.0158874381408407,1.0
Jamaica,0.0651956828727052,0.9714797256405084,1.2954453581827106,1.5294117647058822,0.885364131531168,0.0327819245511398,0.0185848295339923,0.0064555174500706,0.0178031067177728,-0.3894115766569887,-0.5631223153335655,-0.2963878774239963,-0.9525338919905542,1.1324862979724062,-1.2489217694145505,3.2465862789231097,14.0,0.4846113666843537,-0.4679225253062005,2.9707406245296593
Kingsbridge - Riverdale,0.0559610705596107,0.9444444444444444,0.4210824147864063,3.1666666666666665,0.7619626926196269,0.0523114355231143,0.0559610705596107,0.0036496350364963,0.0206812652068126,-0.3932154876157765,-0.4528371327484561,0.4081032921503203,-0.8460526203642327,1.2388707714779783,-0.4379493282139123,3.818376686657962,12.0,0.6971385341236929,-0.1489140862405398,3.217479850516517
Long Island City - Astoria,0.7424253380577048,0.7257936220984886,0.35854418951121,5.666666666666667,0.663171595921614,0.1243763106515293,0.0494612770265384,0.0751319690505459,0.2122351580013016,-0.1104479104377366,0.4391064608812901,0.4584915523115885,0.3286585504435534,2.4125140565250063,0.787150102755142,4.682154624799047,12.0,0.6971385341236929,1.0257970845672464,4.126068118250622
Lower Manhattam,8.616666666666667,0.1444444444444444,0.293841841393912,20.0,0.1361111111111111,0.4166666666666667,0.2305555555555555,0.0027777777777777,0.0,3.133100585860548,2.810607601864933,0.5106234881897307,5.9437081877254805,8.022459263285956,6.454331675915212,8.67790083983342,12.0,0.6971385341236929,6.640846721849173,8.46906608231253
Lower Manhattan,12.240201005025126,0.0251256281407035,0.4231697124185484,14.666666666666666,0.0904522613065326,0.2914572864321608,0.3768844221105528,0.0,0.0100502512562814,4.6257027127176435,3.2973455553733646,0.4064215159940645,7.923048268091009,10.0,8.329469784085074,10.0,12.0,0.6971385341236929,8.620186802214702,10.0
Northeast Bronx,0.0492646715532938,0.96573136000747,0.5779564382783723,3.1818181818181817,0.894299453756011,0.0158270694243428,0.0188150707315934,0.0052290022876885,0.0199822587422382,-0.39597386064768225,-0.5396729733863505,0.2817068510381167,-0.9356468340340328,1.1493580045394278,-0.6539399829959159,3.666088670086305,14.0,0.4846113666843537,-0.45103546734967903,2.983802033254742
Pelham - Throgs Neck,0.0582679005421574,0.9672836044120396,0.8136099308750986,3.0,0.847494858852122,0.0363619368106188,0.0302392970648719,0.007945410357076,0.0169657879977565,-0.3922652608435896,-0.546005053172508,0.0918362648386582,-0.9382703140160976,1.1467369094643818,-0.8464340491774394,3.5303673372805675,13.5,0.5377431585441884,-0.4005271554719092,3.022868027292783
Port Richmond,0.2195614035087719,0.9054824561403508,5.663158087649815,0.0,0.843640350877193,0.0399122807017543,0.0328947368421052,0.0092105263157894,0.0173245614035087,-0.32582542528644576,-0.2938992632721278,-3.815538674454351,-0.6197246885585735,1.4649929570698932,-4.435263363012925,1.0,10.1,0.8990393431910652,0.2793146546324916,3.548696254627353
Ridgewood - Forest Hills,0.1189262842349093,0.9403869737021392,0.9050293160321196,1.5,0.838601989371849,0.0886360539583049,0.0111731843575419,0.0163510014988418,0.0418994413407821,-0.3672789287001135,-0.43628546833617626,0.0181778944131362,-0.8035643970362898,1.2813203703594878,-0.7853865026231535,3.57340998554098,11.5,0.7502703259835277,-0.05329407105276207,3.2914377953451424
Rockaway,0.0244967717432586,0.9803456133687808,0.3106833538550123,2.571428571428572,0.8463729586023547,0.0152867451576148,0.015666540068363,0.0018040258260539,0.0054120774781617,-0.40617622565438166,-0.5992889836141952,0.4970539551934732,-1.005465209268577,1.0796030985649068,-0.5084112540751038,3.768696264400572,18.0,0.0595570318056752,-0.9459081774629018,2.601039402231608
South Beach - Tottenville ,0.0047015088563306,0.9850207741089,0.7192985970088216,2.0,0.8927946643341351,0.0069702602230483,0.0119177782637218,0.0001913404767111,0.0003826809534222,-0.41433026773808634,-0.6183603944902119,0.1678247343882566,-1.032690662228298,1.052402395240899,-0.8648659278400415,3.5173716164886195,9.5,0.9627974934228669,-0.06989316880543117,3.2785991113793846
Southeast Queens,0.0072698570953805,0.992023928215354,4.601489349523868,0.0,0.9455383848454636,0.0090146227982718,0.0093885011631771,0.0020771020272515,0.0052342971086739,-0.4132723166643145,-0.6469284024832037,-2.9601315958816765,-1.0602007191475182,1.0249173466801518,-4.0203323150291945,1.29255444581719,10.0,0.9096657015630322,-0.15053501758448606,3.2162261302501993
Southwest Queens,0.0236346477370645,0.9782118091173936,0.7159327244801302,2.833333333333333,0.8788724303475443,0.0486643962086085,0.0142382339665996,0.0079602806614418,0.0141151368429691,-0.4065313507905333,-0.5905845433030887,0.1705366831187978,-0.997115894093622,1.0879448236913385,-0.8265792109748242,3.544366340766525,12.0,0.6971385341236929,-0.29997735996992914,3.1006389439116657
Stapleton - St. George,0.0912536786344908,0.9562683931724544,0.7222374470159384,1.5,0.8560329605650383,0.0290759270158917,0.0160094173042966,0.0050618010594467,0.0160094173042966,-0.37867779679903535,-0.5010706367719095,0.1654568459794968,-0.8797484335709449,1.2052055898682197,-0.7142915875914481,3.6235367079653207,16.5,0.21895240738517963,-0.6607960261857653,2.821561316108278
Sunset Park,0.3485594989561587,0.8174530271398748,0.138940067947382,3.0,0.7215031315240084,0.1480584551148225,0.0261377870563674,0.0505219206680584,0.1665970772442588,-0.27268867711573286,0.06519970743115565,0.6354308492160318,-0.2074889696845772,1.876853927950339,0.4279418795314545,4.428888538327968,29.3,-1.1412214642265914,-1.3487104339111686,2.2894892837679746
Union Square - Lower East Side,1.8209723939019364,0.6359703337453646,0.2252013712146394,10.68421052631579,0.3378656777915121,0.4367531932426864,0.0809641532756489,0.0049443757725587,0.0302843016069221,0.33382596118723945,0.8055231326583685,0.5659284453381825,1.139349093845608,3.222467631632901,1.7052775391837904,5.329496549822872,26.0,-0.7905516379516817,0.3487974558939262,3.6024381952884155
Upper East Side,0.7227980741999434,0.7286887567261399,0.3416706535137211,6.0,0.578023222883036,0.2840555083545737,0.0455961483998867,0.0033984706881903,0.0053809119229679,-0.11853275055318911,0.42729632106053345,0.4720868872917642,0.3087635705073443,2.392637162367082,0.7808504577991086,4.677712949132903,5.0,1.4409836201613802,1.7497471906687245,4.686012204230793
Upper West Side,0.4910722100656455,0.8573304157549234,0.3182584102130862,5.111111111111111,0.7205689277899343,0.17417943107221,0.0275711159737417,0.0008752735229759,0.0002188183807439,-0.21398500389414685,-0.09747235995123482,0.4909505854731578,-0.3114573638453817,1.772980047547854,0.1794932216277761,4.253715434796112,11.7,0.7290176092395938,0.4175602453942121,3.6556232380029305
Washington Heights - Inwood,0.1649570280011089,0.9437205433878568,0.266938132172394,4.6,0.6581646797892986,0.1660659828112004,0.0449126698087052,0.0038813418353202,0.0141391738286664,-0.348317997291535,-0.4498841188840788,0.5323003281318873,-0.7982021161756139,1.2866777765722344,-0.2659017880437265,3.939681836063588,26.3,-0.8224307130675826,-1.6206328292431964,2.0791690754712056
West Queens,0.0837105814898806,0.9422361045740448,0.7973949171900403,2.857142857142857,0.8229429635017758,0.0688887938042873,0.0228060416755808,0.0222925848273501,0.0492490693594625,-0.38178494076120223,-0.44382863884559065,0.1049010156288488,-0.8256135796067929,1.259291231871895,-0.7207125639779441,3.6190094854364574,11.5,0.7502703259835277,-0.07534325362326522,3.2743837065661023
Williamsburg - Bushwick,0.2193259668508287,0.8939226519337017,0.3299432143922711,6.083333333333333,0.7572375690607734,0.1133701657458563,0.0198342541436464,0.0306629834254143,0.0719889502762431,-0.325922406085735,-0.2467432855579392,0.4815359122821077,-0.5726656916436742,1.5120091744199344,-0.0911297793615664,4.062907919994456,31.5,-1.3750013484098647,-1.9476670400535387,1.8262222622680655
Willowbrook,0.034054875154277,0.975553023829868,2.9306151061182804,0.0,0.923526060951296,0.0082597550555397,0.0150479445552074,0.0039399981012057,0.0189404727997721,-0.4022390626119392,-0.579738544744285,-1.6138758346572708,-0.9819776073562242,1.1030693487814045,-2.595853442013495,2.296908372327274,9.5,0.9627974934228669,-0.01918011393335728,3.3178234652654868
